{"stats":{"minecraft:picked_up":{"minecraft:wheat":1,"minecraft:cooked_porkchop":3,"minecraft:golden_leggings":1,"minecraft:dirt":8,"minecraft:cooked_mutton":2,"minecraft:rotten_flesh":2,"minecraft:wheat_seeds":15,"minecraft:gold_nugget":9,"minecraft:gold_ingot":6,"minecraft:obsidian":2,"minecraft:mutton":4,"minecraft:white_wool":3},"minecraft:mined":{"minecraft:fire":1,"minecraft:grass":32,"minecraft:grass_block":3,"minecraft:dirt_path":1,"minecraft:dirt":4,"minecraft:tall_grass":7},"minecraft:dropped":{"minecraft:wheat_seeds":15,"minecraft:wheat":1},"minecraft:used":{"minecraft:cooked_mutton":2,"minecraft:rotten_flesh":2,"minecraft:golden_sword":47,"minecraft:fire_charge":1,"minecraft:dirt":8,"minecraft:mutton":4,"minecraft:cooked_porkchop":3,"tombstone:gift":1},"minecraft:killed":{"minecraft:sheep":2,"minecraft:zombie":2},"minecraft:broken":{"minecraft:golden_sword":1},"minecraft:killed_by":{"minecraft:player":1},"minecraft:custom":{"minecraft:time_since_rest":1958,"minecraft:sprint_one_cm":51515,"minecraft:damage_taken":1441,"minecraft:walk_one_cm":74338,"minecraft:mob_kills":5,"minecraft:drop":16,"minecraft:damage_dealt":991,"minecraft:swim_one_cm":3032,"minecraft:interact_with_crafting_table":2,"minecraft:player_kills":1,"minecraft:fly_one_cm":117284,"minecraft:open_chest":22,"minecraft:crouch_one_cm":2778,"minecraft:play_time":26343,"tombstone:undead_killed":2,"minecraft:deaths":3,"minecraft:sneak_time":1575,"minecraft:walk_under_water_one_cm":2162,"minecraft:jump":1237,"minecraft:leave_game":1,"minecraft:time_since_death":2104,"minecraft:walk_on_water_one_cm":5044,"minecraft:total_world_time":26343,"minecraft:fall_one_cm":13324}},"DataVersion":3465}