{"stats":{"minecraft:picked_up":{"minecraft:oak_log":2,"minecraft:wheat_seeds":1},"minecraft:mined":{"minecraft:grass":2,"minecraft:oak_log":2},"minecraft:used":{"tombstone:gift":1},"minecraft:dropped":{"tombstone:grave_dust":1,"minecraft:wheat_seeds":1},"minecraft:custom":{"minecraft:jump":68,"minecraft:time_since_rest":695,"minecraft:crouch_one_cm":586,"minecraft:deaths":1,"minecraft:sprint_one_cm":21719,"minecraft:play_time":3968,"minecraft:damage_taken":275,"minecraft:time_since_death":841,"minecraft:walk_one_cm":14528,"minecraft:sneak_time":187,"minecraft:total_world_time":3968,"minecraft:drop":2,"minecraft:talked_to_villager":1,"minecraft:fall_one_cm":1217,"minecraft:fly_one_cm":9873}},"DataVersion":3465}