{"stats":{"minecraft:picked_up":{"minecraft:stick":3,"minecraft:crafting_table":3,"minecraft:wheat":4,"minecraft:oak_log":5,"minecraft:dirt":2,"minecraft:string":2,"minecraft:arrow":2,"minecraft:wheat_seeds":18,"minecraft:stone_pickaxe":1,"minecraft:oak_sapling":3,"minecraft:melon_slice":18,"minecraft:acacia_sapling":2,"minecraft:cobblestone":14,"minecraft:egg":1},"minecraft:mined":{"minecraft:acacia_leaves":14,"minecraft:wheat":6,"minecraft:dandelion":1,"minecraft:crafting_table":2,"minecraft:grass":22,"minecraft:grass_block":2,"minecraft:oak_log":5,"minecraft:melon":4,"minecraft:stone":14,"minecraft:oak_leaves":64},"minecraft:dropped":{"minecraft:wheat_seeds":1,"minecraft:acacia_sapling":1,"tombstone:grave_dust":1,"minecraft:stone_pickaxe":1},"minecraft:used":{"minecraft:stone_sword":16,"minecraft:melon_slice":13,"minecraft:stone_pickaxe":2,"minecraft:oak_planks":2,"minecraft:wooden_pickaxe":15,"minecraft:wooden_sword":15,"minecraft:crafting_table":3,"tombstone:gift":1,"minecraft:egg":1},"minecraft:killed":{"minecraft:zombie":1,"minecraft:spider":1},"minecraft:custom":{"minecraft:time_since_rest":3798,"minecraft:sprint_one_cm":115078,"minecraft:damage_taken":1295,"minecraft:walk_one_cm":79005,"minecraft:mob_kills":2,"minecraft:drop":4,"minecraft:damage_dealt":643,"minecraft:interact_with_crafting_table":5,"minecraft:talked_to_villager":1,"minecraft:fly_one_cm":69281,"minecraft:play_time":28123,"minecraft:crouch_one_cm":3395,"tombstone:undead_killed":1,"minecraft:deaths":4,"minecraft:sneak_time":815,"minecraft:walk_under_water_one_cm":477,"minecraft:jump":453,"minecraft:leave_game":1,"minecraft:walk_on_water_one_cm":48,"minecraft:time_since_death":4101,"minecraft:total_world_time":28123,"minecraft:fall_one_cm":8782},"minecraft:crafted":{"minecraft:wooden_sword":1,"minecraft:oak_planks":20,"minecraft:crafting_table":1,"minecraft:stick":12,"minecraft:wooden_pickaxe":1,"minecraft:stone_pickaxe":1,"minecraft:stone_sword":1}},"DataVersion":3465}