{"stats":{"minecraft:picked_up":{"minecraft:crafting_table":1,"minecraft:stick":3,"minecraft:wheat_seeds":14,"minecraft:oak_log":5,"minecraft:arrow":2,"minecraft:oak_sapling":1,"minecraft:melon_slice":7,"minecraft:string":2,"minecraft:wheat":3,"minecraft:egg":1},"minecraft:mined":{"minecraft:grass":13,"minecraft:oak_log":5,"minecraft:melon":2,"minecraft:wheat":4,"minecraft:dandelion":1,"minecraft:crafting_table":1,"minecraft:oak_leaves":22},"minecraft:used":{"minecraft:wooden_sword":11,"minecraft:crafting_table":1,"minecraft:melon_slice":7,"tombstone:gift":1,"minecraft:wooden_pickaxe":1,"minecraft:egg":1},"minecraft:dropped":{"tombstone:grave_dust":1,"minecraft:wheat_seeds":1},"minecraft:killed":{"minecraft:spider":1},"minecraft:custom":{"minecraft:time_since_rest":1762,"minecraft:crouch_one_cm":1488,"minecraft:walk_one_cm":46463,"minecraft:play_time":15968,"minecraft:sprint_one_cm":64460,"minecraft:damage_taken":925,"minecraft:deaths":3,"minecraft:sneak_time":366,"minecraft:mob_kills":1,"minecraft:drop":2,"minecraft:jump":217,"minecraft:damage_dealt":189,"minecraft:time_since_death":2685,"minecraft:total_world_time":15968,"minecraft:interact_with_crafting_table":2,"minecraft:talked_to_villager":1,"minecraft:fall_one_cm":4002,"minecraft:fly_one_cm":39273},"minecraft:crafted":{"minecraft:wooden_sword":1,"minecraft:oak_planks":20,"minecraft:crafting_table":1,"minecraft:wooden_pickaxe":1}},"DataVersion":3465}