{"stats":{"minecraft:picked_up":{"minecraft:wheat":2,"minecraft:feather":2,"minecraft:chicken":1,"minecraft:leather_leggings":1,"tombstone:grave_dust":3,"minecraft:grass_block":1,"minecraft:dirt":26,"minecraft:rotten_flesh":6,"minecraft:wheat_seeds":8,"minecraft:hay_block":7,"minecraft:cooked_chicken":1,"minecraft:poppy":1,"minecraft:mutton":2,"minecraft:white_wool":1,"minecraft:egg":1},"minecraft:mined":{"minecraft:hay_block":10,"minecraft:fire":12,"minecraft:wheat":1,"minecraft:torch":1,"minecraft:grass":82,"minecraft:grass_block":7,"minecraft:chest":1,"minecraft:dirt":6,"minecraft:tall_grass":1},"minecraft:used":{"minecraft:flint_and_steel":12,"minecraft:bread":7,"minecraft:cooked_chicken":1,"minecraft:rotten_flesh":5,"minecraft:torch":1,"minecraft:dirt":12},"minecraft:dropped":{"minecraft:poppy":1,"minecraft:wheat_seeds":7,"minecraft:wheat":1,"tombstone:grave_dust":2,"minecraft:feather":2},"minecraft:killed":{"minecraft:chicken":1},"minecraft:killed_by":{"minecraft:player":1},"minecraft:custom":{"minecraft:time_since_rest":1624,"minecraft:sprint_one_cm":58790,"minecraft:damage_taken":1075,"minecraft:walk_one_cm":95674,"minecraft:mob_kills":1,"minecraft:drop":13,"minecraft:damage_dealt":309,"minecraft:talked_to_villager":6,"minecraft:interact_with_crafting_table":3,"minecraft:fly_one_cm":116746,"minecraft:open_chest":20,"minecraft:crouch_one_cm":2620,"minecraft:play_time":45856,"minecraft:deaths":2,"minecraft:sneak_time":937,"minecraft:walk_under_water_one_cm":1165,"minecraft:jump":544,"minecraft:leave_game":2,"minecraft:time_since_death":18309,"minecraft:walk_on_water_one_cm":6262,"minecraft:sleep_in_bed":3,"minecraft:total_world_time":45856,"minecraft:fall_one_cm":14036}},"DataVersion":3465}