{"stats":{"minecraft:killed":{"minecraft:skeleton":1,"minecraft:sheep":2,"minecraft:zombie":1,"minecraft:chicken":2},"minecraft:dropped":{"minecraft:oak_sapling":2,"minecraft:cobblestone":1,"minecraft:wooden_sword":4,"minecraft:wooden_pickaxe":2,"minecraft:cooked_mutton":1},"minecraft:crafted":{"minecraft:wooden_sword":1,"minecraft:oak_planks":88,"minecraft:crafting_table":1,"minecraft:stick":12,"minecraft:cooked_chicken":2,"minecraft:wooden_pickaxe":1,"minecraft:stone_pickaxe":1,"minecraft:furnace":1,"minecraft:torch":8,"minecraft:stone_axe":1,"minecraft:air":0,"minecraft:cooked_mutton":1},"minecraft:killed_by":{"minecraft:zombie":1},"minecraft:custom":{"minecraft:time_since_rest":30592,"minecraft:interact_with_furnace":7,"minecraft:sprint_one_cm":63843,"minecraft:damage_taken":485,"minecraft:walk_one_cm":119217,"minecraft:mob_kills":6,"minecraft:drop":10,"minecraft:damage_dealt":592,"minecraft:interact_with_crafting_table":8,"minecraft:fly_one_cm":72160,"minecraft:open_chest":3,"minecraft:crouch_one_cm":12058,"minecraft:play_time":43401,"minecraft:deaths":1,"minecraft:walk_under_water_one_cm":2256,"minecraft:sneak_time":3386,"minecraft:jump":724,"minecraft:walk_on_water_one_cm":2511,"minecraft:time_since_death":30561,"minecraft:total_world_time":43401,"minecraft:fall_one_cm":18089},"minecraft:picked_up":{"minecraft:stick":9,"minecraft:crafting_table":4,"minecraft:feather":3,"minecraft:chicken":2,"minecraft:wooden_pickaxe":1,"minecraft:dandelion":1,"minecraft:fire_charge":1,"minecraft:oak_log":22,"minecraft:dirt":44,"minecraft:rotten_flesh":1,"minecraft:wooden_sword":4,"minecraft:cooked_mutton":1,"minecraft:bone":2,"minecraft:apple":1,"minecraft:oak_planks":9,"minecraft:oak_sapling":8,"minecraft:mutton":2,"minecraft:coal":2,"minecraft:furnace":1,"minecraft:white_wool":2,"minecraft:cobblestone":17,"minecraft:egg":2},"minecraft:used":{"minecraft:cooked_mutton":1,"minecraft:apple":1,"minecraft:stone_pickaxe":5,"minecraft:wooden_pickaxe":10,"minecraft:stone_axe":1,"minecraft:rotten_flesh":1,"minecraft:cooked_chicken":2,"minecraft:torch":1,"minecraft:wooden_sword":21,"minecraft:dirt":5,"minecraft:cobblestone":1,"minecraft:crafting_table":4,"minecraft:furnace":1,"minecraft:oak_sapling":3,"minecraft:egg":2,"minecraft:dandelion":1},"minecraft:mined":{"minecraft:furnace":1,"minecraft:birch_leaves":4,"minecraft:crafting_table":2,"minecraft:coal_ore":1,"minecraft:grass_block":6,"minecraft:oak_log":22,"minecraft:dirt":6,"minecraft:stone":12,"minecraft:oak_leaves":5}},"DataVersion":3465}