{"stats":{"minecraft:dropped":{"minecraft:cobblestone":1,"minecraft:oak_sapling":2},"minecraft:crafted":{"minecraft:wooden_sword":1,"minecraft:oak_planks":68,"minecraft:crafting_table":1,"minecraft:stick":12,"minecraft:wooden_pickaxe":1},"minecraft:killed_by":{"minecraft:zombie":1},"minecraft:custom":{"minecraft:time_since_rest":6592,"minecraft:walk_one_cm":49986,"minecraft:crouch_one_cm":868,"minecraft:play_time":19401,"minecraft:sprint_one_cm":18357,"minecraft:damage_taken":265,"minecraft:deaths":1,"minecraft:sneak_time":177,"minecraft:drop":3,"minecraft:jump":284,"minecraft:damage_dealt":10,"minecraft:time_since_death":6561,"minecraft:total_world_time":19401,"minecraft:interact_with_crafting_table":2,"minecraft:fall_one_cm":5471,"minecraft:fly_one_cm":14791},"minecraft:picked_up":{"minecraft:crafting_table":1,"minecraft:stick":7,"minecraft:oak_log":17,"minecraft:oak_sapling":5,"minecraft:coal":1,"minecraft:dirt":19,"minecraft:cobblestone":5},"minecraft:used":{"minecraft:cobblestone":1,"minecraft:crafting_table":1,"minecraft:oak_sapling":3},"minecraft:mined":{"minecraft:grass_block":3,"minecraft:oak_log":17,"minecraft:dirt":1,"minecraft:crafting_table":1,"minecraft:oak_leaves":4}},"DataVersion":3465}