{"stats":{"minecraft:killed":{"minecraft:sheep":2},"minecraft:dropped":{"minecraft:oak_sapling":2,"minecraft:cobblestone":1,"minecraft:wooden_sword":2,"minecraft:wooden_pickaxe":2,"minecraft:cooked_mutton":1},"minecraft:crafted":{"minecraft:wooden_sword":1,"minecraft:oak_planks":88,"minecraft:crafting_table":1,"minecraft:stick":12,"minecraft:wooden_pickaxe":1,"minecraft:stone_pickaxe":1,"minecraft:furnace":1,"minecraft:air":0,"minecraft:cooked_mutton":1},"minecraft:killed_by":{"minecraft:zombie":1},"minecraft:custom":{"minecraft:time_since_rest":18592,"minecraft:interact_with_furnace":3,"minecraft:sprint_one_cm":30579,"minecraft:damage_taken":285,"minecraft:walk_one_cm":72896,"minecraft:mob_kills":2,"minecraft:drop":8,"minecraft:damage_dealt":250,"minecraft:interact_with_crafting_table":6,"minecraft:fly_one_cm":30862,"minecraft:open_chest":3,"minecraft:crouch_one_cm":5140,"minecraft:play_time":31401,"minecraft:deaths":1,"minecraft:sneak_time":1548,"minecraft:jump":447,"minecraft:time_since_death":18561,"minecraft:total_world_time":31401,"minecraft:fall_one_cm":11183},"minecraft:picked_up":{"minecraft:stick":9,"minecraft:crafting_table":2,"minecraft:wooden_pickaxe":1,"minecraft:dandelion":1,"minecraft:oak_log":22,"minecraft:dirt":41,"minecraft:wooden_sword":2,"minecraft:cooked_mutton":1,"minecraft:apple":1,"minecraft:oak_sapling":8,"minecraft:mutton":2,"minecraft:coal":1,"minecraft:white_wool":2,"minecraft:cobblestone":15},"minecraft:used":{"minecraft:cooked_mutton":1,"minecraft:apple":1,"minecraft:wooden_pickaxe":10,"minecraft:wooden_sword":6,"minecraft:dirt":5,"minecraft:cobblestone":1,"minecraft:crafting_table":2,"minecraft:furnace":1,"minecraft:oak_sapling":3},"minecraft:mined":{"minecraft:crafting_table":1,"minecraft:grass_block":3,"minecraft:oak_log":22,"minecraft:dirt":6,"minecraft:stone":10,"minecraft:oak_leaves":5}},"DataVersion":3465}