{"stats":{"minecraft:custom":{"minecraft:jump":90,"minecraft:time_since_rest":1813,"minecraft:damage_dealt":30,"minecraft:crouch_one_cm":57,"minecraft:leave_game":3,"minecraft:play_time":1813,"minecraft:sprint_one_cm":6896,"minecraft:damage_taken":90,"minecraft:time_since_death":1813,"minecraft:walk_one_cm":1771,"minecraft:sneak_time":11,"minecraft:total_world_time":1813,"minecraft:fall_one_cm":4244,"minecraft:fly_one_cm":11168},"minecraft:picked_up":{"minecraft:stick":2,"minecraft:oak_sapling":3},"minecraft:mined":{"minecraft:fire":6}},"DataVersion":3465}