{"stats":{"minecraft:picked_up":{"minecraft:crafting_table":5,"minecraft:wheat":88,"minecraft:oak_log":8,"minecraft:gunpowder":3,"minecraft:dirt":28,"minecraft:string":1,"minecraft:bone":2,"minecraft:apple":1,"minecraft:wheat_seeds":296,"minecraft:iron_ingot":5,"minecraft:beef":3,"minecraft:acacia_sign":2,"minecraft:poppy":3,"minecraft:melon_slice":3,"minecraft:chest":2,"minecraft:acacia_sapling":1,"minecraft:egg":2,"minecraft:stick":1,"minecraft:raw_iron":7,"minecraft:torch":3,"minecraft:acacia_log":11,"minecraft:porkchop":8,"minecraft:arrow":2,"minecraft:rotten_flesh":6,"minecraft:hay_block":5,"minecraft:gray_wool":1,"minecraft:melon_seeds":11,"minecraft:oak_sapling":1,"minecraft:black_wool":2,"minecraft:mutton":4,"minecraft:coal":7,"minecraft:white_wool":1,"minecraft:cobblestone":25},"minecraft:mined":{"minecraft:acacia_leaves":1,"minecraft:attached_melon_stem":3,"minecraft:melon_stem":4,"minecraft:crafting_table":5,"minecraft:torch":1,"minecraft:acacia_log":10,"minecraft:grass_block":7,"minecraft:melon":1,"minecraft:chest":1,"minecraft:tall_grass":12,"minecraft:wall_torch":1,"minecraft:hay_block":2,"minecraft:iron_ore":7,"minecraft:wheat":117,"minecraft:fire":4,"minecraft:grass":67,"minecraft:oak_log":8,"minecraft:coal_ore":7,"minecraft:dirt_path":1,"minecraft:dirt":11,"minecraft:stone":25,"minecraft:oak_leaves":2},"minecraft:dropped":{"minecraft:wheat_seeds":22,"minecraft:obsidian":2,"minecraft:rotten_flesh":6,"minecraft:acacia_sign":2,"minecraft:gunpowder":1,"minecraft:golden_leggings":1,"tombstone:grave_dust":1,"minecraft:leather_leggings":1,"minecraft:gold_nugget":9,"minecraft:arrow":2,"minecraft:gold_ingot":6},"minecraft:used":{"minecraft:wheat_seeds":43,"minecraft:leather_leggings":1,"minecraft:stone_pickaxe":71,"minecraft:chest":1,"minecraft:wooden_pickaxe":6,"minecraft:torch":2,"minecraft:dirt":27,"minecraft:crafting_table":8,"securitycraft:furnace_mine":1,"minecraft:apple":1,"minecraft:acacia_sign":1,"minecraft:bread":19,"minecraft:melon_slice":3,"minecraft:leather_helmet":1,"securitycraft:mine":1,"minecraft:stone_axe":95,"minecraft:furnace":1,"securitycraft:dirt_mine":1,"minecraft:cooked_porkchop":7,"tombstone:gift":1,"minecraft:egg":1,"minecraft:cooked_beef":3},"minecraft:killed":{"minecraft:pig":5,"minecraft:iron_golem":1,"minecraft:creeper":1,"minecraft:sheep":4,"minecraft:zombie":1,"minecraft:cow":1},"minecraft:broken":{"minecraft:leather_helmet":1,"minecraft:leather_leggings":1,"minecraft:leather_chestplate":1},"minecraft:killed_by":{"minecraft:player":1,"minecraft:creeper":1,"minecraft:zombie":1},"minecraft:custom":{"minecraft:interact_with_furnace":15,"minecraft:mob_kills":13,"minecraft:interact_with_crafting_table":17,"minecraft:interact_with_cartography_table":1,"minecraft:bell_ring":1,"minecraft:leave_game":10,"minecraft:time_since_death":11467,"minecraft:time_since_rest":10887,"minecraft:sprint_one_cm":216935,"minecraft:damage_taken":3638,"minecraft:walk_one_cm":103018,"minecraft:drop":15,"minecraft:damage_dealt":2162,"minecraft:swim_one_cm":2063,"minecraft:talked_to_villager":4,"minecraft:fly_one_cm":553002,"minecraft:player_kills":2,"minecraft:open_chest":20,"minecraft:crouch_one_cm":12311,"minecraft:play_time":80926,"tombstone:undead_killed":1,"minecraft:deaths":7,"minecraft:sneak_time":3595,"minecraft:walk_under_water_one_cm":168,"tombstone:tomb_raiding":1,"minecraft:jump":2179,"minecraft:walk_on_water_one_cm":2205,"minecraft:total_world_time":80926,"minecraft:fall_one_cm":64220},"minecraft:crafted":{"minecraft:cooked_beef":3,"securitycraft:mine":3,"minecraft:oak_planks":32,"securitycraft:furnace_mine":1,"minecraft:cooked_porkchop":7,"minecraft:crafting_table":3,"minecraft:wooden_pickaxe":1,"minecraft:furnace":2,"minecraft:stone_axe":1,"minecraft:bread":31,"minecraft:air":0,"securitycraft:dirt_mine":1,"minecraft:acacia_sign":3,"minecraft:stick":12,"minecraft:iron_ingot":4,"minecraft:stone_pickaxe":1,"minecraft:acacia_planks":40,"minecraft:wheat":45}},"DataVersion":3465}