{"stats":{"minecraft:picked_up":{"minecraft:crafting_table":5,"minecraft:oak_log":8,"minecraft:gunpowder":2,"minecraft:dirt":28,"minecraft:string":1,"minecraft:bone":2,"minecraft:apple":1,"minecraft:wheat_seeds":28,"minecraft:beef":3,"minecraft:acacia_sign":2,"minecraft:poppy":1,"minecraft:melon_slice":3,"minecraft:chest":2,"minecraft:acacia_sapling":1,"minecraft:egg":1,"minecraft:stick":1,"minecraft:raw_iron":7,"minecraft:torch":3,"minecraft:acacia_log":10,"minecraft:porkchop":7,"minecraft:arrow":2,"minecraft:rotten_flesh":6,"minecraft:hay_block":5,"minecraft:gray_wool":1,"minecraft:oak_sapling":1,"minecraft:black_wool":1,"minecraft:mutton":3,"minecraft:coal":7,"minecraft:white_wool":1,"minecraft:cobblestone":25},"minecraft:mined":{"minecraft:acacia_leaves":1,"minecraft:crafting_table":5,"minecraft:torch":1,"minecraft:acacia_log":10,"minecraft:grass_block":7,"minecraft:melon":1,"minecraft:chest":1,"minecraft:tall_grass":12,"minecraft:wall_torch":1,"minecraft:hay_block":2,"minecraft:iron_ore":7,"minecraft:wheat":2,"minecraft:fire":2,"minecraft:grass":43,"minecraft:oak_log":8,"minecraft:coal_ore":7,"minecraft:dirt_path":1,"minecraft:dirt":11,"minecraft:stone":25,"minecraft:oak_leaves":2},"minecraft:dropped":{"minecraft:wheat_seeds":22,"minecraft:obsidian":2,"minecraft:rotten_flesh":6,"minecraft:acacia_sign":2,"minecraft:golden_leggings":1,"tombstone:grave_dust":1,"minecraft:leather_leggings":1,"minecraft:gold_nugget":9,"minecraft:gold_ingot":6},"minecraft:used":{"minecraft:wheat_seeds":3,"minecraft:leather_leggings":1,"minecraft:stone_pickaxe":34,"minecraft:chest":1,"minecraft:wooden_pickaxe":6,"minecraft:torch":2,"minecraft:dirt":27,"minecraft:crafting_table":7,"securitycraft:furnace_mine":1,"minecraft:apple":1,"minecraft:acacia_sign":1,"minecraft:bread":16,"minecraft:melon_slice":3,"minecraft:leather_helmet":1,"minecraft:stone_axe":51,"minecraft:furnace":1,"securitycraft:dirt_mine":1,"minecraft:cooked_porkchop":7,"tombstone:gift":1,"minecraft:egg":1,"minecraft:cooked_beef":3},"minecraft:killed":{"minecraft:pig":4,"minecraft:creeper":1,"minecraft:sheep":3,"minecraft:zombie":1,"minecraft:cow":1},"minecraft:broken":{"minecraft:leather_helmet":1,"minecraft:leather_leggings":1,"minecraft:leather_chestplate":1},"minecraft:killed_by":{"minecraft:player":1,"minecraft:creeper":1,"minecraft:zombie":1},"minecraft:custom":{"minecraft:interact_with_furnace":15,"minecraft:mob_kills":10,"minecraft:interact_with_crafting_table":16,"minecraft:interact_with_cartography_table":1,"minecraft:bell_ring":1,"minecraft:leave_game":10,"minecraft:time_since_death":1244,"minecraft:time_since_rest":664,"minecraft:sprint_one_cm":171535,"minecraft:damage_taken":3398,"minecraft:walk_one_cm":91142,"minecraft:drop":13,"minecraft:damage_dealt":1922,"minecraft:swim_one_cm":2063,"minecraft:talked_to_villager":3,"minecraft:fly_one_cm":496598,"minecraft:player_kills":2,"minecraft:open_chest":20,"minecraft:crouch_one_cm":9537,"minecraft:play_time":70703,"tombstone:undead_killed":1,"minecraft:deaths":7,"minecraft:sneak_time":3033,"minecraft:walk_under_water_one_cm":168,"tombstone:tomb_raiding":1,"minecraft:jump":1938,"minecraft:walk_on_water_one_cm":1875,"minecraft:total_world_time":70703,"minecraft:fall_one_cm":57972},"minecraft:crafted":{"minecraft:cooked_beef":3,"securitycraft:mine":3,"minecraft:oak_planks":12,"securitycraft:furnace_mine":1,"minecraft:cooked_porkchop":7,"minecraft:crafting_table":2,"minecraft:wooden_pickaxe":1,"minecraft:furnace":2,"minecraft:stone_axe":1,"minecraft:bread":15,"minecraft:air":0,"securitycraft:dirt_mine":1,"minecraft:acacia_sign":3,"minecraft:stick":12,"minecraft:iron_ingot":4,"minecraft:stone_pickaxe":1,"minecraft:acacia_planks":40,"minecraft:wheat":45}},"DataVersion":3465}