{"stats":{"minecraft:custom":{"minecraft:jump":98,"minecraft:open_chest":1,"minecraft:time_since_rest":7601,"minecraft:damage_taken":115,"minecraft:crouch_one_cm":85,"minecraft:leave_game":7,"minecraft:play_time":7601,"minecraft:sprint_one_cm":14310,"minecraft:time_since_death":7601,"minecraft:walk_on_water_one_cm":1115,"minecraft:walk_one_cm":1973,"minecraft:sneak_time":47,"minecraft:total_world_time":7601,"minecraft:walk_under_water_one_cm":290,"minecraft:swim_one_cm":268,"minecraft:fall_one_cm":3036,"minecraft:fly_one_cm":23841},"minecraft:mined":{"minecraft:tall_grass":1,"minecraft:grass":2},"minecraft:used":{"minecraft:golden_chestplate":1,"minecraft:golden_helmet":1,"minecraft:golden_leggings":1}},"DataVersion":3465}