{"stats":{"minecraft:killed":{"minecraft:skeleton":1,"minecraft:pig":1,"minecraft:zombie":2},"minecraft:dropped":{"minecraft:cooked_mutton":2},"minecraft:crafted":{"minecraft:oak_planks":116,"minecraft:crafting_table":1,"minecraft:stick":4,"minecraft:wooden_pickaxe":1,"minecraft:stone_pickaxe":1,"minecraft:wooden_axe":1,"minecraft:chest":1,"minecraft:torch":4,"minecraft:stone_axe":1,"minecraft:air":0,"minecraft:cooked_mutton":1},"minecraft:killed_by":{"minecraft:creeper":1},"minecraft:custom":{"minecraft:time_since_rest":9795,"minecraft:interact_with_furnace":1,"minecraft:sprint_one_cm":88493,"minecraft:damage_taken":890,"minecraft:walk_one_cm":55180,"minecraft:mob_kills":4,"minecraft:drop":2,"minecraft:damage_dealt":720,"minecraft:interact_with_crafting_table":8,"minecraft:fly_one_cm":125518,"minecraft:open_chest":4,"minecraft:crouch_one_cm":10244,"minecraft:play_time":33129,"minecraft:deaths":3,"minecraft:sneak_time":2470,"minecraft:jump":884,"minecraft:leave_game":3,"minecraft:time_since_death":9772,"minecraft:total_world_time":33129,"minecraft:fall_one_cm":33909},"minecraft:picked_up":{"minecraft:birch_log":14,"minecraft:stick":9,"minecraft:crafting_table":2,"minecraft:wooden_pickaxe":1,"minecraft:porkchop":2,"minecraft:oak_log":29,"minecraft:dirt":1,"minecraft:cooked_mutton":2,"minecraft:rotten_flesh":3,"minecraft:oak_sapling":17,"minecraft:netherrack":1,"forgottengraves:grave":2,"minecraft:birch_sapling":4,"minecraft:coal":13,"minecraft:cobblestone":26,"minecraft:egg":1},"minecraft:used":{"minecraft:cooked_mutton":1,"minecraft:wooden_axe":34,"minecraft:stone_pickaxe":30,"minecraft:birch_sapling":4,"minecraft:chest":1,"minecraft:wooden_pickaxe":17,"minecraft:rotten_flesh":2,"minecraft:torch":1,"minecraft:stone_axe":26,"minecraft:dirt":1,"minecraft:cobblestone":1,"minecraft:crafting_table":3,"minecraft:oak_sapling":17,"minecraft:egg":1},"minecraft:mined":{"minecraft:magma_block":1,"minecraft:birch_log":14,"minecraft:fire":7,"minecraft:crafting_table":3,"minecraft:grass_block":1,"minecraft:coal_ore":13,"minecraft:oak_log":29,"minecraft:stone":26,"minecraft:netherrack":5,"forgottengraves:grave":2}},"DataVersion":3465}