{"stats":{"minecraft:custom":{"minecraft:jump":278,"minecraft:time_since_rest":6555,"minecraft:deaths":1,"minecraft:damage_dealt":40,"minecraft:crouch_one_cm":4189,"minecraft:leave_game":3,"minecraft:play_time":9129,"minecraft:sprint_one_cm":24974,"minecraft:damage_taken":290,"minecraft:time_since_death":6526,"minecraft:walk_one_cm":16757,"minecraft:sneak_time":831,"minecraft:total_world_time":9129,"minecraft:fall_one_cm":13044,"minecraft:fly_one_cm":36096},"minecraft:picked_up":{"minecraft:stick":2,"minecraft:oak_sapling":4},"minecraft:mined":{"minecraft:fire":6}},"DataVersion":3465}