{"stats":{"minecraft:custom":{"minecraft:jump":74,"minecraft:time_since_rest":1221,"minecraft:damage_dealt":30,"minecraft:crouch_one_cm":57,"minecraft:leave_game":2,"minecraft:play_time":1221,"minecraft:sprint_one_cm":5280,"minecraft:damage_taken":50,"minecraft:time_since_death":1221,"minecraft:walk_one_cm":1241,"minecraft:sneak_time":11,"minecraft:total_world_time":1221,"minecraft:fall_one_cm":2860,"minecraft:fly_one_cm":8974},"minecraft:picked_up":{"minecraft:stick":2,"minecraft:oak_sapling":3},"minecraft:mined":{"minecraft:fire":6}},"DataVersion":3465}