{"stats":{"minecraft:killed":{"minecraft:pig":1,"minecraft:skeleton":1,"minecraft:zombie":4},"minecraft:dropped":{"minecraft:rotten_flesh":1,"minecraft:cooked_mutton":2,"minecraft:fire_charge":1},"minecraft:crafted":{"minecraft:oak_planks":116,"minecraft:cooked_porkchop":2,"minecraft:crafting_table":3,"minecraft:wooden_pickaxe":1,"minecraft:furnace":2,"minecraft:stone_axe":1,"minecraft:cooked_mutton":1,"minecraft:air":0,"minecraft:shield":1,"minecraft:stick":4,"minecraft:iron_ingot":1,"minecraft:stone_pickaxe":1,"minecraft:wooden_axe":1,"minecraft:stone_sword":1,"minecraft:chest":1,"minecraft:torch":4},"minecraft:killed_by":{"minecraft:creeper":1},"minecraft:custom":{"minecraft:interact_with_furnace":8,"minecraft:mob_kills":6,"minecraft:interact_with_crafting_table":14,"minecraft:leave_game":3,"minecraft:time_since_death":21772,"minecraft:time_since_rest":21795,"minecraft:sprint_one_cm":133916,"minecraft:damage_taken":1111,"minecraft:walk_one_cm":74417,"minecraft:drop":4,"minecraft:damage_dealt":1407,"minecraft:swim_one_cm":7467,"minecraft:fly_one_cm":177668,"minecraft:open_chest":5,"minecraft:crouch_one_cm":16873,"minecraft:play_time":45129,"minecraft:deaths":3,"minecraft:sneak_time":4186,"minecraft:walk_under_water_one_cm":382,"minecraft:jump":1200,"minecraft:walk_on_water_one_cm":400,"minecraft:total_world_time":45129,"minecraft:fall_one_cm":42100},"minecraft:picked_up":{"minecraft:birch_log":14,"minecraft:crafting_table":3,"minecraft:wooden_pickaxe":1,"minecraft:stone_brick_stairs":2,"minecraft:oak_log":52,"minecraft:dirt":42,"minecraft:smooth_stone_slab":3,"minecraft:cooked_mutton":2,"minecraft:stone_bricks":1,"minecraft:cracked_stone_bricks":2,"forgottengraves:grave":2,"minecraft:birch_sapling":4,"minecraft:mossy_stone_brick_stairs":1,"minecraft:egg":1,"minecraft:raw_iron":1,"minecraft:stick":11,"minecraft:stone_brick_slab":4,"minecraft:torch":3,"minecraft:porkchop":2,"minecraft:mossy_stone_brick_slab":6,"minecraft:rotten_flesh":6,"minecraft:oak_sapling":23,"minecraft:netherrack":3,"minecraft:coal":13,"minecraft:cobblestone":30},"minecraft:used":{"minecraft:cooked_mutton":1,"minecraft:stone_sword":16,"minecraft:stone_pickaxe":60,"minecraft:oak_planks":6,"minecraft:chest":1,"minecraft:wooden_pickaxe":17,"minecraft:rotten_flesh":5,"minecraft:netherrack":1,"minecraft:torch":5,"minecraft:dirt":2,"minecraft:crafting_table":5,"minecraft:wooden_axe":34,"minecraft:birch_sapling":4,"minecraft:stone_axe":51,"minecraft:cobblestone":1,"minecraft:oak_sapling":17,"minecraft:furnace":2,"minecraft:cooked_porkchop":2,"minecraft:smooth_stone_slab":3,"minecraft:egg":1},"minecraft:mined":{"minecraft:mossy_stone_brick_slab":6,"minecraft:stone_brick_slab":6,"minecraft:crafting_table":5,"minecraft:torch":3,"minecraft:grass_block":2,"minecraft:magma_block":1,"minecraft:iron_ore":1,"minecraft:birch_log":14,"minecraft:fire":9,"minecraft:birch_leaves":1,"minecraft:stone_brick_stairs":3,"minecraft:smooth_stone_slab":4,"minecraft:mossy_stone_brick_stairs":1,"minecraft:oak_log":49,"minecraft:coal_ore":13,"minecraft:cracked_stone_bricks":2,"minecraft:stone":29,"minecraft:stone_bricks":1,"minecraft:netherrack":8,"forgottengraves:grave":2}},"DataVersion":3465}