{"stats":{"minecraft:killed":{"minecraft:skeleton":1,"minecraft:zombie":2},"minecraft:crafted":{"minecraft:oak_planks":56,"minecraft:crafting_table":1,"minecraft:wooden_pickaxe":1,"minecraft:wooden_axe":1},"minecraft:killed_by":{"minecraft:creeper":1},"minecraft:custom":{"minecraft:time_since_rest":6889,"minecraft:crouch_one_cm":7599,"minecraft:sprint_one_cm":52934,"minecraft:play_time":21129,"minecraft:walk_one_cm":36996,"minecraft:damage_taken":680,"minecraft:deaths":2,"minecraft:sneak_time":1761,"minecraft:mob_kills":3,"minecraft:jump":555,"minecraft:damage_dealt":620,"minecraft:leave_game":3,"minecraft:time_since_death":6867,"minecraft:total_world_time":21129,"minecraft:interact_with_crafting_table":2,"minecraft:fall_one_cm":20499,"minecraft:fly_one_cm":69108},"minecraft:picked_up":{"minecraft:birch_log":7,"minecraft:crafting_table":2,"minecraft:stick":6,"minecraft:rotten_flesh":3,"minecraft:oak_log":14,"minecraft:oak_sapling":6,"minecraft:cobblestone":16,"forgottengraves:grave":2,"minecraft:birch_sapling":4,"minecraft:egg":1},"minecraft:used":{"minecraft:rotten_flesh":2,"minecraft:wooden_axe":30,"minecraft:cobblestone":1,"minecraft:crafting_table":3,"minecraft:birch_sapling":1,"minecraft:wooden_pickaxe":16,"minecraft:egg":1},"minecraft:mined":{"minecraft:oak_log":14,"minecraft:birch_log":7,"minecraft:fire":6,"minecraft:stone":16,"minecraft:crafting_table":2,"forgottengraves:grave":2}},"DataVersion":3465}