{"stats":{"minecraft:used":{"minecraft:stone_shovel":3,"minecraft:stone_pickaxe":114,"minecraft:ladder":17,"minecraft:cartography_table":1,"minecraft:wooden_pickaxe":10,"minecraft:stone_hoe":38,"minecraft:torch":3,"minecraft:white_carpet":2,"minecraft:crafting_table":6,"minecraft:white_bed":2,"minecraft:yellow_carpet":3,"minecraft:bread":2,"minecraft:stone_axe":36,"minecraft:pink_petals":1,"minecraft:cobblestone":5,"minecraft:furnace":3,"minecraft:cooked_porkchop":4},"minecraft:custom":{"minecraft:interact_with_furnace":6,"minecraft:mob_kills":13,"minecraft:interact_with_crafting_table":14,"minecraft:leave_game":3,"minecraft:time_since_death":44881,"minecraft:sleep_in_bed":1,"minecraft:climb_one_cm":4272,"minecraft:time_since_rest":15081,"minecraft:sprint_one_cm":87752,"minecraft:damage_taken":215,"minecraft:walk_one_cm":57877,"minecraft:damage_dealt":1301,"minecraft:talked_to_villager":1,"minecraft:fly_one_cm":163132,"minecraft:open_chest":5,"minecraft:crouch_one_cm":4872,"minecraft:play_time":44881,"minecraft:sneak_time":1407,"minecraft:jump":782,"minecraft:interact_with_brewingstand":1,"minecraft:total_world_time":44881,"minecraft:fall_one_cm":25443},"minecraft:killed":{"minecraft:pig":3,"minecraft:creeper":1,"minecraft:sheep":6,"minecraft:skeleton":1,"minecraft:zombie":2},"minecraft:picked_up":{"minecraft:pink_petals":26,"minecraft:crafting_table":5,"minecraft:ladder":4,"minecraft:brown_wool":1,"minecraft:oak_log":15,"minecraft:dirt":6,"minecraft:white_carpet":2,"minecraft:bone":6,"minecraft:wheat_seeds":14,"minecraft:cartography_table":1,"minecraft:chest":1,"minecraft:furnace":3,"minecraft:egg":1,"minecraft:raw_iron":18,"minecraft:porkchop":9,"minecraft:white_bed":2,"minecraft:rotten_flesh":2,"minecraft:arrow":7,"minecraft:yellow_carpet":3,"minecraft:hay_block":38,"minecraft:mutton":8,"minecraft:coal":23,"minecraft:cobblestone":86,"minecraft:white_wool":5},"minecraft:crafted":{"minecraft:oak_planks":40,"minecraft:stone_shovel":1,"minecraft:cooked_porkchop":9,"minecraft:crafting_table":1,"minecraft:wooden_pickaxe":1,"minecraft:furnace":2,"minecraft:stone_axe":1,"minecraft:bread":114,"minecraft:air":0,"minecraft:iron_chestplate":1,"minecraft:ladder":18,"minecraft:stick":56,"minecraft:iron_ingot":12,"minecraft:stone_pickaxe":1,"minecraft:white_bed":1,"minecraft:torch":4,"minecraft:stone_hoe":1,"minecraft:wheat":342},"minecraft:mined":{"minecraft:white_bed":2,"minecraft:powder_snow":2,"minecraft:crafting_table":5,"minecraft:ladder":4,"minecraft:grass_block":3,"minecraft:yellow_carpet":3,"minecraft:chest":1,"minecraft:tall_grass":1,"minecraft:cobblestone":1,"minecraft:cartography_table":1,"minecraft:pink_petals":14,"minecraft:hay_block":38,"minecraft:furnace":3,"minecraft:iron_ore":18,"minecraft:white_carpet":2,"minecraft:grass":52,"minecraft:coal_ore":17,"minecraft:oak_log":15,"minecraft:dirt":3,"minecraft:stone":81,"minecraft:oak_leaves":1}},"DataVersion":3465}