{"stats":{"minecraft:mined":{"minecraft:grass":42,"minecraft:acacia_log":1,"minecraft:grass_block":3,"minecraft:dirt":1,"minecraft:tall_grass":1},"minecraft:crafted":{"minecraft:acacia_planks":4,"minecraft:crafting_table":1,"minecraft:bread":2},"minecraft:picked_up":{"minecraft:wheat_seeds":3,"minecraft:acacia_log":1,"minecraft:porkchop":3,"minecraft:dirt":4,"minecraft:egg":3},"minecraft:custom":{"minecraft:time_since_rest":9252,"minecraft:open_chest":1,"minecraft:crouch_one_cm":741,"minecraft:play_time":11717,"minecraft:sprint_one_cm":32031,"minecraft:damage_taken":360,"minecraft:deaths":1,"minecraft:walk_one_cm":12241,"minecraft:sneak_time":228,"minecraft:mob_kills":1,"minecraft:jump":387,"minecraft:damage_dealt":120,"minecraft:leave_game":8,"minecraft:time_since_death":9880,"minecraft:total_world_time":11717,"minecraft:interact_with_crafting_table":2,"minecraft:fall_one_cm":16311,"minecraft:fly_one_cm":98117},"minecraft:killed":{"minecraft:pig":1},"minecraft:used":{"minecraft:dirt":4,"minecraft:crafting_table":1,"minecraft:bread":2,"minecraft:egg":3}},"DataVersion":3465}