{"stats":{"minecraft:used":{"minecraft:stone_pickaxe":129,"minecraft:stone_shovel":3,"minecraft:ladder":17,"minecraft:cartography_table":1,"minecraft:wooden_pickaxe":10,"minecraft:stone_hoe":38,"minecraft:torch":5,"minecraft:white_carpet":2,"minecraft:crafting_table":6,"minecraft:white_bed":3,"minecraft:yellow_carpet":3,"minecraft:oak_log":15,"minecraft:bread":4,"minecraft:iron_pickaxe":22,"minecraft:stone_axe":86,"minecraft:pink_petals":1,"minecraft:cobblestone":5,"minecraft:furnace":3,"minecraft:cooked_porkchop":4},"minecraft:custom":{"minecraft:interact_with_furnace":6,"minecraft:mob_kills":15,"minecraft:interact_with_crafting_table":16,"minecraft:leave_game":4,"minecraft:time_since_death":54384,"minecraft:sleep_in_bed":3,"minecraft:climb_one_cm":11262,"minecraft:time_since_rest":6980,"minecraft:sprint_one_cm":102195,"minecraft:damage_taken":248,"minecraft:walk_one_cm":68410,"minecraft:damage_dealt":1701,"minecraft:talked_to_villager":1,"minecraft:fly_one_cm":183829,"minecraft:open_chest":5,"minecraft:crouch_one_cm":8001,"minecraft:play_time":54384,"minecraft:sneak_time":2228,"minecraft:jump":898,"minecraft:interact_with_brewingstand":1,"minecraft:total_world_time":54384,"minecraft:fall_one_cm":27839},"minecraft:killed":{"minecraft:pig":3,"minecraft:creeper":2,"minecraft:sheep":6,"minecraft:skeleton":2,"minecraft:zombie":2},"minecraft:picked_up":{"minecraft:pink_petals":26,"minecraft:crafting_table":5,"minecraft:ladder":4,"minecraft:brown_wool":1,"minecraft:oak_log":58,"minecraft:dirt":10,"minecraft:white_carpet":2,"minecraft:bone":7,"minecraft:bow":1,"minecraft:wheat_seeds":14,"minecraft:cartography_table":1,"minecraft:chest":1,"minecraft:egg":1,"minecraft:furnace":3,"minecraft:raw_iron":18,"minecraft:stick":2,"minecraft:torch":5,"minecraft:porkchop":9,"minecraft:white_bed":3,"minecraft:yellow_carpet":3,"minecraft:arrow":8,"minecraft:rotten_flesh":3,"minecraft:hay_block":38,"minecraft:emerald":1,"minecraft:mutton":8,"minecraft:coal":23,"minecraft:cobblestone":115,"minecraft:white_wool":5},"minecraft:crafted":{"minecraft:oak_planks":40,"minecraft:stone_shovel":1,"minecraft:cooked_porkchop":9,"minecraft:crafting_table":1,"minecraft:wooden_pickaxe":1,"minecraft:furnace":2,"minecraft:stone_axe":1,"minecraft:bread":114,"minecraft:air":0,"minecraft:iron_chestplate":1,"minecraft:ladder":18,"minecraft:stick":56,"minecraft:iron_ingot":12,"minecraft:iron_pickaxe":1,"minecraft:stone_pickaxe":1,"minecraft:white_bed":1,"minecraft:torch":4,"minecraft:stone_hoe":1,"minecraft:wheat":342},"minecraft:mined":{"minecraft:white_bed":3,"minecraft:powder_snow":2,"minecraft:crafting_table":5,"minecraft:ladder":4,"minecraft:emerald_ore":1,"minecraft:grass_block":3,"minecraft:yellow_carpet":3,"minecraft:chest":1,"minecraft:tall_grass":1,"minecraft:cobblestone":1,"minecraft:cartography_table":1,"minecraft:wall_torch":5,"minecraft:pink_petals":14,"minecraft:hay_block":38,"minecraft:furnace":3,"minecraft:iron_ore":18,"minecraft:white_carpet":2,"minecraft:grass":53,"minecraft:oak_log":58,"minecraft:coal_ore":17,"minecraft:dirt":7,"minecraft:stone":110,"minecraft:oak_leaves":3}},"DataVersion":3465}