{"stats":{"minecraft:used":{"minecraft:stone_pickaxe":61,"minecraft:wooden_pickaxe":10,"minecraft:stone_hoe":38,"minecraft:stone_axe":20,"minecraft:cobblestone":3,"minecraft:crafting_table":5,"minecraft:furnace":3,"minecraft:cooked_porkchop":2,"minecraft:yellow_carpet":2,"minecraft:white_bed":2},"minecraft:custom":{"minecraft:time_since_rest":3081,"minecraft:interact_with_furnace":6,"minecraft:sprint_one_cm":48307,"minecraft:damage_taken":95,"minecraft:walk_one_cm":36674,"minecraft:mob_kills":13,"minecraft:damage_dealt":1301,"minecraft:interact_with_crafting_table":9,"minecraft:fly_one_cm":81992,"minecraft:open_chest":3,"minecraft:crouch_one_cm":2657,"minecraft:play_time":32881,"minecraft:sneak_time":762,"minecraft:jump":412,"minecraft:leave_game":3,"minecraft:time_since_death":32881,"minecraft:sleep_in_bed":1,"minecraft:total_world_time":32881,"minecraft:fall_one_cm":15389},"minecraft:killed":{"minecraft:sheep":6,"minecraft:skeleton":1,"minecraft:zombie":2,"minecraft:pig":3,"minecraft:creeper":1},"minecraft:picked_up":{"minecraft:crafting_table":4,"minecraft:raw_iron":12,"minecraft:brown_wool":1,"minecraft:porkchop":9,"minecraft:oak_log":4,"minecraft:white_bed":1,"minecraft:dirt":2,"minecraft:white_carpet":1,"minecraft:yellow_carpet":2,"minecraft:bone":6,"minecraft:arrow":7,"minecraft:rotten_flesh":2,"minecraft:wheat_seeds":1,"minecraft:cartography_table":1,"minecraft:hay_block":38,"minecraft:mutton":8,"minecraft:coal":14,"minecraft:white_wool":5,"minecraft:cobblestone":48,"minecraft:furnace":3},"minecraft:crafted":{"minecraft:oak_planks":16,"minecraft:iron_chestplate":1,"minecraft:cooked_porkchop":9,"minecraft:crafting_table":1,"minecraft:stick":8,"minecraft:wooden_pickaxe":1,"minecraft:iron_ingot":12,"minecraft:stone_pickaxe":1,"minecraft:furnace":2,"minecraft:white_bed":1,"minecraft:stone_hoe":1,"minecraft:stone_axe":1,"minecraft:bread":51,"minecraft:air":0,"minecraft:wheat":153},"minecraft:mined":{"minecraft:hay_block":38,"minecraft:white_bed":1,"minecraft:furnace":3,"minecraft:iron_ore":12,"minecraft:white_carpet":1,"minecraft:powder_snow":2,"minecraft:crafting_table":4,"minecraft:grass":2,"minecraft:yellow_carpet":2,"minecraft:grass_block":2,"minecraft:oak_log":4,"minecraft:coal_ore":8,"minecraft:cobblestone":1,"minecraft:stone":43,"minecraft:cartography_table":1}},"DataVersion":3465}