{"stats":{"minecraft:killed":{"minecraft:zombie":1},"minecraft:custom":{"minecraft:time_since_rest":13390,"minecraft:interact_with_furnace":1,"minecraft:crouch_one_cm":941,"minecraft:play_time":13390,"minecraft:sprint_one_cm":17317,"minecraft:damage_taken":50,"minecraft:walk_one_cm":8777,"minecraft:sneak_time":229,"minecraft:mob_kills":1,"minecraft:jump":141,"minecraft:damage_dealt":200,"minecraft:time_since_death":13390,"minecraft:total_world_time":13390,"minecraft:fall_one_cm":6124,"minecraft:interact_with_crafting_table":3,"minecraft:fly_one_cm":30126},"minecraft:picked_up":{"minecraft:raw_iron":4,"minecraft:crafting_table":1,"minecraft:oak_log":4,"minecraft:cobblestone":40},"minecraft:mined":{"minecraft:oak_log":4,"minecraft:iron_ore":4,"minecraft:stone":40,"minecraft:powder_snow":1,"minecraft:crafting_table":1},"minecraft:used":{"minecraft:stone_axe":2,"minecraft:crafting_table":2,"minecraft:furnace":1,"minecraft:stone_pickaxe":34,"minecraft:wooden_pickaxe":10},"minecraft:crafted":{"minecraft:furnace":1,"minecraft:oak_planks":16,"minecraft:stone_axe":1,"minecraft:crafting_table":1,"minecraft:stick":8,"minecraft:wooden_pickaxe":1,"minecraft:stone_pickaxe":1}},"DataVersion":3465}