{"stats":{"minecraft:killed":{"minecraft:zombie":2,"minecraft:skeleton":1},"minecraft:custom":{"minecraft:time_since_rest":19228,"minecraft:interact_with_furnace":1,"minecraft:crouch_one_cm":2657,"minecraft:play_time":19228,"minecraft:sprint_one_cm":22416,"minecraft:damage_taken":95,"minecraft:walk_one_cm":11838,"minecraft:sneak_time":760,"minecraft:mob_kills":3,"minecraft:jump":192,"minecraft:damage_dealt":321,"minecraft:leave_game":1,"minecraft:time_since_death":19228,"minecraft:total_world_time":19228,"minecraft:fall_one_cm":7782,"minecraft:interact_with_crafting_table":3,"minecraft:fly_one_cm":36929},"minecraft:picked_up":{"minecraft:bone":6,"minecraft:raw_iron":12,"minecraft:crafting_table":2,"minecraft:arrow":7,"minecraft:rotten_flesh":2,"minecraft:oak_log":4,"minecraft:coal":9,"minecraft:cobblestone":46,"minecraft:furnace":1},"minecraft:mined":{"minecraft:coal_ore":8,"minecraft:oak_log":4,"minecraft:furnace":1,"minecraft:iron_ore":12,"minecraft:stone":42,"minecraft:powder_snow":1,"minecraft:crafting_table":2},"minecraft:used":{"minecraft:stone_axe":5,"minecraft:crafting_table":2,"minecraft:furnace":1,"minecraft:stone_pickaxe":53,"minecraft:wooden_pickaxe":10},"minecraft:crafted":{"minecraft:furnace":1,"minecraft:oak_planks":16,"minecraft:stone_axe":1,"minecraft:crafting_table":1,"minecraft:stick":8,"minecraft:wooden_pickaxe":1,"minecraft:stone_pickaxe":1}},"DataVersion":3465}