{"stats":{"minecraft:picked_up":{"minecraft:dirt":1},"minecraft:custom":{"minecraft:jump":20,"minecraft:time_since_rest":646,"minecraft:crouch_one_cm":139,"minecraft:leave_game":2,"minecraft:play_time":646,"minecraft:sprint_one_cm":1242,"minecraft:time_since_death":646,"minecraft:walk_one_cm":861,"minecraft:sneak_time":57,"minecraft:total_world_time":646,"minecraft:fall_one_cm":209,"minecraft:fly_one_cm":3219},"minecraft:used":{"minecraft:dirt":1},"minecraft:mined":{"minecraft:grass_block":1}},"DataVersion":3465}